{
  "domains": [
    {
      "id": "dwarf_domain",
      "cultureId": "dwarf",
      "appliesTo": {
        "kind": [
          "npc",
          "location",
          "faction",
          "rules",
          "abilities"
        ],
        "subKind": [],
        "tags": []
      },
      "phonology": {
        "consonants": [
          "b",
          "d",
          "g",
          "k",
          "m",
          "n",
          "r",
          "t",
          "th",
          "gr",
          "dr",
          "kr",
          "br"
        ],
        "vowels": [
          "a",
          "i",
          "o",
          "u",
          "ai",
          "or",
          "ur"
        ],
        "syllableTemplates": [
          "CVC",
          "CVCC",
          "CCV",
          "CV"
        ],
        "lengthRange": [
          1,
          4
        ],
        "favoredClusters": [
          "gr",
          "dr",
          "th",
          "kr"
        ],
        "forbiddenClusters": [
          "ae",
          "ii"
        ],
        "favoredClusterBoost": 2.07710971644496,
        "consonantWeights": [
          0.054394603422671245,
          0.10888713594650525,
          0.09089961998298968,
          0.09427568776700931,
          0.06374796334033006,
          0.08573117683197276,
          0.05378314715459476,
          0.07392741048674198,
          0.06202142005383937,
          0.06885940584265669,
          0.09515645782702989,
          0.08197536366187477,
          0.06634060768178426
        ],
        "vowelWeights": [
          0.1041657247339479,
          0.15137913585397156,
          0.14724501781322752,
          0.13438291860583718,
          0.14772887919713398,
          0.14477029062792499,
          0.17032803316795686
        ],
        "templateWeights": [
          0.23731722145068018,
          0.24907322444488442,
          0.2168930789027609,
          0.29671647520167443
        ]
      },
      "morphology": {
        "prefixes": [
          "Dur",
          "Thor",
          "Brom",
          "Grim",
          "Kaz"
        ],
        "suffixes": [
          "in",
          "din",
          "rim",
          "grim",
          "ak",
          "ok",
          "dur"
        ],
        "structure": [
          "root",
          "root-suffix",
          "prefix-root",
          "prefix-root-suffix"
        ],
        "structureWeights": [
          0.19777762653294645,
          0.3330183430207187,
          0.2727525108324844,
          0.19645151961385032
        ]
      },
      "style": {
        "capitalization": "title",
        "apostropheRate": 1.0867751300201231e-10,
        "hyphenRate": 0.1101858169716679,
        "preferredEndings": [
          "in",
          "im",
          "ak",
          "ok",
          "ur"
        ],
        "preferredEndingBoost": 1.3,
        "rhythmBias": "harsh"
      },
      "sourceCulture": "dwarf"
    }
  ]
}