{
  "domains": [
    {
      "id": "tech_domain",
      "cultureId": "tech",
      "appliesTo": {
        "kind": [
          "npc",
          "location",
          "faction",
          "rules",
          "abilities"
        ],
        "subKind": [],
        "tags": []
      },
      "phonology": {
        "consonants": [
          "x",
          "z",
          "v",
          "k",
          "n",
          "r",
          "t",
          "s",
          "tr",
          "pr"
        ],
        "vowels": [
          "a",
          "e",
          "i",
          "o",
          "y",
          "ex",
          "ix"
        ],
        "syllableTemplates": [
          "CVC",
          "CCVC",
          "CV",
          "CVCC"
        ],
        "lengthRange": [
          2,
          2
        ],
        "favoredClusters": [
          "ex",
          "ix",
          "tr",
          "pr",
          "zr"
        ],
        "forbiddenClusters": [
          "ae",
          "th"
        ],
        "favoredClusterBoost": -2.6134678040593906,
        "consonantWeights": [
          0.13220711935585203,
          0.09345832799633101,
          0.09058208161592372,
          0.11560456795547783,
          0.06692914983195179,
          0.157257121658843,
          0.09230380608894162,
          0.07661227968378888,
          0.10877711115435841,
          0.06626843465853176
        ],
        "vowelWeights": [
          0.15833435334316712,
          0.12577819328570344,
          0.10754684508318053,
          0.24348442742253346,
          0.1495647348770286,
          0.11242608244254584,
          0.10286536354584086
        ],
        "templateWeights": [
          0.30666936555982655,
          0.16848837823687615,
          0.3354217108010466,
          0.1894205454022506
        ]
      },
      "morphology": {
        "prefixes": [
          "Nex",
          "Vex",
          "Zyr",
          "Kron",
          "Plex"
        ],
        "suffixes": [
          "ix",
          "ex",
          "on",
          "ax",
          "or",
          "us"
        ],
        "structure": [
          "prefix-root",
          "root-suffix",
          "root"
        ],
        "structureWeights": [
          0.2389938543124524,
          0.35501992203851324,
          0.4059862236490344
        ]
      },
      "style": {
        "capitalization": "title",
        "apostropheRate": 9.865213737018534e-11,
        "hyphenRate": 0.23290746830650505,
        "preferredEndings": [
          "ix",
          "ex",
          "on",
          "ax"
        ],
        "preferredEndingBoost": 1.5,
        "rhythmBias": "staccato"
      },
      "sourceCulture": "tech"
    }
  ]
}